<?xml version="1.0" encoding="UTF-8"?>
<!DOCTYPE hibernate-mapping PUBLIC "-//Hibernate/Hibernate Mapping DTD 3.0//EN" "http://hibernate.sourceforge.net/hibernate-mapping-3.0.dtd">
<hibernate-mapping>
    <class name="co.edu.uptc.proveedores.modelo.Cuenta" table="CUENTA">
        <id name="codigo" type="java.lang.Integer">
            <column name="CODIGO"/>
            <generator class="assigned" />
        </id>
        <property name="direccion" type="string">
            <column name="DIRECCION"/>
        </property>
        <property name="telefono" type="string">
            <column name="TELEFONO"/>
        </property>
        <one-to-one name="cliente" cascade="all" class="co.edu.uptc.proveedores.modelo.Cliente">
        </one-to-one>
    </class>
</hibernate-mapping>
