<?xml version="1.0" encoding="UTF-8"?>
<!DOCTYPE hibernate-configuration PUBLIC "-//Hibernate/Hibernate Configuration DTD 3.0//EN" "http://hibernate.sourceforge.net/hibernate-configuration-3.0.dtd">
<hibernate-configuration>
  <session-factory>
    <property name="hibernate.dialect">org.hibernate.dialect.DerbyDialect</property>
    <property name="hibernate.connection.driver_class">org.apache.derby.jdbc.ClientDriver</property>
    <property name="hibernate.connection.url">jdbc:derby://localhost:1527/dbProveedores</property>
    <property name="hibernate.default_schema">APP</property>
    <property name="hibernate.connection.username">app</property>
    <property name="hibernate.connection.password">123</property>
    <property name="hibernate.show_sql">true</property>
    <mapping resource="cuenta.hbm.xml"/>
    <mapping resource="proveedor.hbm.xml"/>
    <mapping resource="marca.hbm.xml"/>
    <mapping resource="plan.hbm.xml"/>
    <mapping resource="canal.hbm.xml"/>
    <mapping resource="origen.hbm.xml"/>
    <mapping resource="producto.hbm.xml"/>
    <mapping resource="cliente.hbm.xml"/>
    <mapping resource="planCanal2.hbm.xml"/>
    <mapping resource="cuentaProveedor.hbm.xml"/>
  </session-factory>
</hibernate-configuration>
