<?xml version="1.0" encoding="UTF-8"?>
<!DOCTYPE hibernate-mapping PUBLIC "-//Hibernate/Hibernate Mapping DTD 3.0//EN" "http://hibernate.sourceforge.net/hibernate-mapping-3.0.dtd">
<hibernate-mapping>
    <class name="co.edu.uptc.proveedores.modelo.Marca" table="MARCA">
        <id name="numero" type="java.lang.Integer">
            <column name="NUMERO"/>
            <generator class="assigned" />
        </id>
        <property name="nombre" type="string">
            <column name="NOMBRE"/>
        </property>
        <property name="fechaRegistro" type="java.util.Date">
            <column name="FECHA_REGISTRO"/>
        </property>
        <one-to-one name="proveedor" cascade="all" class="co.edu.uptc.proveedores.modelo.Proveedor">
        </one-to-one>
    </class>
</hibernate-mapping>
