<?xml version="1.0" encoding="UTF-8"?>
<!DOCTYPE hibernate-mapping PUBLIC "-//Hibernate/Hibernate Mapping DTD 3.0//EN" "http://hibernate.sourceforge.net/hibernate-mapping-3.0.dtd">
<hibernate-mapping>
    <class name="co.edu.uptc.proveedores.modelo.Origen" table="ORIGEN">
        <id name="codigo" type="java.lang.Integer">
            <column name="CODIGO"/>
            <generator class="assigned" />
        </id>
        <property name="descripcion" type="string">
            <column name="DESCRIPCION"/>
        </property>
        <set name="productos" table="PRODUCTO" cascade="all" inverse="true">
            <key>
                <column name="CODIGO_ORIGEN"/>
            </key>
            <one-to-many class="co.edu.uptc.proveedores.modelo.Producto"/>
        </set>
    </class>
    <query name="todosLosOrigenes">
        <![CDATA[
           SELECT o FROM Origen o
        ]]>
    </query>
</hibernate-mapping>
