<?xml version="1.0" encoding="UTF-8"?>
<!DOCTYPE hibernate-mapping PUBLIC "-//Hibernate/Hibernate Mapping DTD 3.0//EN" "http://hibernate.sourceforge.net/hibernate-mapping-3.0.dtd">
<hibernate-mapping>
    <class name="co.edu.uptc.proveedores.modelo.PlanCanal2" table="PLAN_CANAL2">
        <composite-id name="id" class="co.edu.uptc.proveedores.modelo.PlanCanal2Id">
            <key-property name="codigoPlan" type="java.lang.Integer">
                <column name="codigo_plan"/>
            </key-property>
            <key-property name="codigoCanal" type="java.lang.Integer">
                <column name="codigo_canal"/>
            </key-property>
        </composite-id>
        <property name="otrosAtributos" type="string">
            <column name="otros_atributos"/>
        </property>
    </class>
</hibernate-mapping>
